Subsystem #1|CTLs|Vars|Vrms1,Subsystem #1|CTLs|Vars|Vrms2,Subsystem #1|CTLs|Vars|Vrms3,Subsystem #1|CTLs|Vars|Vrms4,Subsystem #1|CTLs|Vars|Vrms6,Subsystem #1|CTLs|Vars|Vrms7
6.272463371,6.471029782,6.501059928,6.45451977,6.473199769,6.530103868
6.222150575,6.423307781,6.454244431,6.403323137,6.424643374,6.485103273
6.22278688,6.426280311,6.457974266,6.403421909,6.427353414,6.490513946
6.274699104,6.479830391,6.512044888,6.454949011,6.481238576,6.5459745
6.374127986,6.579826349,6.612264863,6.55393513,6.582133256,6.647169952
6.513358122,6.718259578,6.750597284,6.692431922,6.721935709,6.785984103
6.681134669,6.883640858,6.915553583,6.858907609,6.889012733,6.950896608
6.863368992,7.061697252,7.092884749,7.038954754,7.068912623,7.127672398
7.044234321,7.236447759,7.26664912,7.216380882,7.245459363,7.300424026
7.207551123,7.391609792,7.420614049,7.37463416,7.402179702,7.453007256
7.33838253,7.512229784,7.539884148,7.498455129,7.523953291,7.570643436
7.424677359,7.586376951,7.61259465,7.575592894,7.598722465,7.641606046
7.45869265,7.606606021,7.631374229,7.598294738,7.618966937,7.658674569
7.437951233,7.570928434,7.594314386,7.564304385,7.582680475,7.620092586
7.365484827,7.48306131,7.505216444,7.477140874,7.493621307,7.529801882
7.249428884,7.351964262,7.373121033,7.345656666,7.360841898,7.396956533
7.101902847,7.190641813,7.211102288,7.182851825,7.197481282,7.234705738
6.93748651,7.014549878,7.034666178,7.00428634,7.019160538,7.058583634
6.771617251,6.839894439,6.86004076,6.826368326,6.842267517,6.884794881
6.619067614,6.682054164,6.702595161,6.66476242,6.682368596,6.728635359
6.492806779,6.554370035,6.575627041,6.533150551,6.552983673,6.603284235
6.40315743,6.467274412,6.48949613,6.442331229,6.464702385,6.518948578
6.357247902,6.42773404,6.451076104,6.399625359,6.424611892,6.482330553
6.358702604,6.438937219,6.463452703,6.408526028,6.435968871,6.496344156
6.407387934,6.500096947,6.525741317,6.468469358,6.497992103,6.559952805
6.49936465,6.606442544,6.633087866,6.574801171,6.605848098,6.668185953
6.62694361,6.749375302,6.776833507,6.718929419,6.750813238,6.812313896
6.779088554,6.916918721,6.944965171,6.888777181,6.920735223,6.980300328
6.942053055,7.094464521,7.122862061,7.069548995,7.100800103,7.157546123
7.100474131,7.265904187,7.29442274,7.244879906,7.274683621,7.328010623
7.238775055,7.415095222,7.443528723,7.398323489,7.426040828,7.475669366
7.342762771,7.527498177,7.555680202,7.515010846,7.540159704,7.586143686
7.401282457,7.591863772,7.619681141,7.583359505,7.605664474,7.648378508
7.40760517,7.601621854,7.629026526,7.596486082,7.615913823,7.656021188
7.360318258,7.555756135,7.58277344,7.553109419,7.569879751,7.608280054
7.26352281,7.458939694,7.485670622,7.457710514,7.472280797,7.510040503
7.126291041,7.320914533,7.347529148,7.319929377,7.332953288,7.371221826
6.961530388,7.155242963,7.181963244,7.153328268,7.165591531,7.205505831
6.784401643,6.977639287,7.004714348,6.973724503,6.986068125,7.028653936
6.610740831,6.804295923,6.831967943,6.797505279,6.81074599,6.856819879
6.455571032,6.650353635,6.678822458,6.640081792,6.654938189,6.705020946
6.331929336,6.528733523,6.558124103,6.514696694,6.531728274,6.585978591
6.250037191,6.449342229,6.47968076,6.431601842,6.451164113,6.509343842
6.216671752,6.41853508,6.449741003,6.397490408,6.419709502,6.481192549
6.234819545,6.4388342,6.470726309,6.415179681,6.439948443,6.503776417
6.303414255,6.508754872,6.541073319,6.483407546,6.510402353,6.575385104
6.417352425,6.62284026,6.655275167,6.596844985,6.625559254,6.690401914
6.567648787,6.771838764,6.804062838,6.746266459,6.776056413,6.839494646
6.741986978,6.943219512,6.97491495,6.919065635,6.949205328,7.010126289
6.925565966,7.122000889,7.152879076,7.100097649,7.129837195,7.187372329
7.102264291,7.291923038,7.321738888,7.272869329,7.301496397,7.35508295
7.256129547,7.436956618,7.46551827,7.421067949,7.447969369,7.497381014
7.37303948,7.542996014,7.570171779,7.530273782,7.554995026,7.60034559
7.442244739,7.599476174,7.625203803,7.589603625,7.611898467,7.653624894
7.457717391,7.600724724,7.625017705,7.593087667,7.612951065,7.651774878
7.418839384,7.546688596,7.569642576,7.540425635,7.558102295,7.594974344
7.330469716,7.442959355,7.464753443,7.437038965,7.453002793,7.489031015
7.202229384,7.300014189,7.320906126,7.293331521,7.308238293,7.34460268
7.047252653,7.131881217,7.152192723,7.123364698,7.137983436,7.175841359
6.880604185,6.954466028,6.974559608,6.943181836,6.958315527,6.998704153
6.71763168,6.783847301,6.804098027,6.76909603,6.785499377,6.829242099
6.572624135,6.634838236,6.655599407,6.616227005,6.634533723,6.682156897
6.45773497,6.519876431,6.541447349,6.497365569,6.518029354,6.569700685
6.382254256,6.448272374,6.470871745,6.422188455,6.44544325,6.500942267
6.352153452,6.425741007,6.449489827,6.396752498,6.422594917,6.481325231
6.369800606,6.45413588,6.479052774,6.423191774,6.451386147,6.512433597
6.433781134,6.531318932,6.557328744,6.499556694,6.529661397,6.591893938
6.538864546,6.651194093,6.678145801,6.619831234,6.65124002,6.713432541
6.676180296,6.80395807,6.831647934,6.774180329,6.806174285,6.867138655
6.833659729,6.976632576,7.004829386,6.949494592,6.981298232,7.039999156
6.996887774,7.153965141,7.18243182,7.13030806,7.161147611,7.216791187
7.150249718,7.31965847,7.348171209,7.300049188,7.329212355,7.381303556
7.278438635,7.457904702,7.48626961,7.442595327,7.469488945,7.517862155
7.368118608,7.555106597,7.583173694,7.544015713,7.568222384,7.613042327
7.409498208,7.601462673,7.629139801,7.594179032,7.615502659,7.657246544
7.397581274,7.59222345,7.619486723,7.588036573,7.606529204,7.645946916
7.332835345,7.528319472,7.555220083,7.526275513,7.542240632,7.580296917
7.221141045,7.416250048,7.442913366,7.41523154,7.429199152,7.466998552
7.07301954,7.267207973,7.293824169,7.266029983,7.278706395,7.317405118
6.902326129,7.095681895,7.122485519,7.093194642,7.105393237,7.146101771
6.724620701,6.917731281,6.944973483,6.912920875,6.925483159,6.969167182
6.555626938,6.749349148,6.777261827,6.741423766,6.755141233,6.80252627
6.409802687,6.605039383,6.633800477,6.593498401,6.609041635,6.660531869
6.299310933,6.496770909,6.52647415,6.481446715,6.499310049,6.55493186
6.233264426,6.433295064,6.463930997,6.414366486,6.434829326,6.494210085
6.217187881,6.419695188,6.451148011,6.397667862,6.420776805,6.483169577
6.252712632,6.457148362,6.48920776,6.432801894,6.458373581,6.522728803
6.337410783,6.542822591,6.575208231,6.517128801,6.544772875,6.609849718
6.464808887,6.6699282,6.70232152,6.643953031,6.673110645,6.737610193
6.624741864,6.828043631,6.860117565,6.80284245,6.832835958,6.895532806
6.803929056,7.003692564,7.035137457,6.980214509,7.010303284,7.070158614
6.986973802,7.181309523,7.211850484,7.160315092,7.189754968,7.245998651
7.157643428,7.344538109,7.373947193,7.326535271,7.354640359,7.406821435
7.300428782,7.477811946,7.50591642,7.463011727,7.489216254,7.537223896
7.40216258,7.568041602,7.594732566,7.556337382,7.580252344,7.624312822
7.453588114,7.606200659,7.631440209,7.597170435,7.618629006,7.659280449
7.450439381,7.58846017,7.61228919,7.581399144,7.600481376,7.638530087
7.393998814,7.516723681,7.539266333,7.510703362,7.527735116,7.564193774
7.290843042,7.398347093,7.419810109,7.392299615,7.407822969,7.443833991
7.151950697,7.245188289,7.265852675,7.238008024,7.252725345,7.289471539
6.991284694,7.072097616,7.092301787,7.062747687,7.07744906,7.116058069
6.824187279,6.895227523,6.915341556,6.882844066,6.898324646,6.939771085
6.665785129,6.730369863,6.750764889,6.714348939,6.731330837,6.77634608
6.529738408,6.59163747,6.612651879,6.571702193,6.590763811,6.639758351
6.427306808,6.490480909,6.512388965,6.466715443,6.488239614,6.541251127
6.366690489,6.4350282,6.458016651,6.407879972,6.432020737,6.488697805
6.352677274,6.429717675,6.453872446,6.399957668,6.426631825,6.486261821
6.386355599,6.475052973,6.500359486,6.443705663,6.472603841,6.534186256
6.465025798,6.567548506,6.5939031,6.535790636,6.56641023,6.62876671
6.582190018,6.69981175,6.727042656,6.668861769,6.700552555,6.762456504
6.727822753,6.860889656,6.888781397,6.831899828,6.863917,6.924220311
6.888959021,7.036918848,7.065235768,7.010879735,7.042441716,7.100182324
7.050620768,7.212132104,7.240639699,7.189797411,7.22014452,7.274625266
7.197125296,7.370223133,7.398706005,7.352057186,7.380510747,7.43134593
7.313649675,7.495944644,7.524222061,7.482087591,7.5081086,7.555244683
7.387882739,7.576809463,7.604749863,7.567066475,7.590308329,7.634019094
7.411549947,7.604617302,7.632150291,7.598470906,7.618819578,7.659679554
7.381459995,7.576500976,7.603627599,7.573150933,7.590744469,7.629583467
7.299953456,7.495329537,7.522126468,7.493756542,7.508979282,7.546818382
7.174590762,7.369310971,7.395927412,7.368364012,7.381812054,7.419783764
7.017187451,7.210936683,7.237580505,7.209430785,7.22185533,7.261111637
6.842365749,7.035418974,7.062334124,7.032239877,7.044472652,7.086086205
6.665904749,6.858969548,6.886404935,6.853170113,6.866043876,6.910909298
6.503232571,6.697216741,6.725390042,6.688097216,6.70236984,6.75111223
6.368150143,6.563911071,6.592974667,6.551079719,6.567367795,6.62026842
6.271844581,6.469990856,6.500005391,6.45339826,6.472126224,6.529076791
6.222260851,6.423005193,6.453925316,6.402945009,6.424314391,6.48481081
6.223648633,6.426740178,6.458416174,6.40381851,6.427796554,6.490979212
6.276265377,6.481018057,6.513213015,6.456090184,6.482419911,6.547160668
6.37630517,6.581650129,6.614067271,6.55573121,6.583960408,6.6489836
6.515993864,6.720574085,6.752889033,6.694738145,6.724261843,6.788279412
6.684027148,6.886250388,6.918139694,6.861527706,6.891640132,6.953478472
6.866287078,7.064373147,7.095537318,7.041657368,7.071609895,7.13031344
7.046936679,7.23894708,7.269125975,7.218919462,7.24798066,7.302883039
7.209805605,7.393695832,7.422679133,7.376767412,7.404285457,7.455049693
7.339977021,7.513694778,7.541330878,7.499971112,7.52543385,7.572064866
7.425474841,7.587079164,7.613281941,7.576344297,7.599434071,7.642267281
7.458620609,7.606474783,7.631232136,7.598206009,7.618837928,7.658507993
7.437003027,7.56997004,7.593350712,7.563379143,7.581717751,7.619108457
7.363770046,7.481385734,7.50354165,7.475485508,7.491935034,7.528112148
7.247100248,7.349734508,7.37089903,7.34343328,7.358596721,7.394726623
7.099158562,7.188066096,7.208542265,7.180269256,7.194887799,7.232145967
6.934567091,7.011874137,7.032014049,7.001592312,7.01646685,7.055939742
6.768750115,6.837353852,6.857531654,6.823802242,6.839711781,6.882301545
6.616482455,6.679871356,6.700450258,6.662549984,6.680175266,6.726512041
6.490690117,6.552723342,6.574023024,6.531474885,6.551333207,6.601705562
6.40164324,6.466291345,6.488558791,6.441324918,6.463724193,6.518038064
6.356437949,6.427494744,6.450883146,6.399372783,6.424387014,6.482163226
6.358632792,6.439459525,6.464019645,6.409048405,6.436515282,6.4969331
6.408043058,6.501340334,6.527025352,6.469727356,6.499268179,6.561253133
6.500657292,6.608303423,6.634984163,6.576692183,6.607748843,6.670091517
6.628758392,6.751705896,6.77919245,6.721303669,6.753187788,6.814674261
6.781237694,6.919516398,6.947583716,6.891429877,6.923378091,6.982912514
6.944319607,7.097095546,7.125506131,7.072242712,7.103474194,7.160176716
7.102621779,7.268324571,7.296848779,7.247366516,7.277142141,7.330417272
7.24057926,7.417071127,7.445503401,7.40036459,7.428046863,7.477620415
7.344032136,7.528836662,7.557011265,7.516408755,7.541518032,7.587448662
7.401875481,7.592425126,7.620229965,7.583969636,7.606234048,7.648901225
7.407462672,7.601350612,7.628738564,7.596248448,7.615638416,7.655709286
7.359460332,7.554682916,7.581680872,7.552051816,7.568790553,7.607167852
7.262042139,7.457172917,7.483882951,7.455938645,7.470487157,7.508239366
7.124352547,7.318634791,7.345228157,7.317623487,7.3306377,7.368914775
6.959341856,7.152671611,7.179371496,7.150711079,7.162977935,7.202916113
6.782189067,6.975015446,7.002071464,6.971037606,6.983398354,7.026021163
6.608726437,6.801854442,6.829509127,6.794988092,6.808258076,6.854378516
6.453958079,6.648307498,6.67676025,6.637951818,6.652847743,6.702981771
6.33088677,6.52725769,6.556632571,6.513134627,6.530212887,6.584513499
6.249668053,6.448551188,6.478874072,6.43072881,6.450341063,6.50856462
6.2170382,6.41849361,6.449682928,6.397376723,6.419645299,6.48116042
6.235922759,6.43954994,6.471423984,6.415837526,6.440651697,6.504496083
6.30519702,6.51017788,6.542476486,6.484790427,6.511823128,6.576804194
6.419694205,6.624855268,6.657268799,6.598839345,6.627581469,6.692404182
6.570382987,6.774282552,6.80648404,6.748708727,6.778514927,6.84191663
6.744906849,6.945885421,6.977557415,6.921747217,6.951890739,7.012761626
6.928426342,7.124648003,7.15550308,7.102775531,7.132506281,7.189982253
7.104820982,7.294305963,7.324099916,7.275294534,7.303901055,7.357424267
7.258164285,7.438852674,7.467394112,7.423012959,7.449884004,7.499232978
7.374362123,7.544216457,7.571374766,7.531544799,7.556228868,7.601522578
7.442742014,7.599903372,7.625616778,7.590077691,7.612332171,7.654011807
7.457332023,7.600309238,7.624592493,7.592711167,7.612534919,7.651326067
7.417610909,7.545476884,7.568426702,7.53924207,7.556883216,7.593739416
7.328502589,7.441068572,7.462865651,7.435164049,7.45109956,7.487130689
7.199712044,7.297636822,7.318539138,7.29095674,7.305844804,7.342230807
7.04441581,7.129250036,7.149579404,7.120723256,7.13533435,7.173231235
6.877668974,6.951814426,6.971934006,6.940510278,6.955647197,6.996089745
6.714846142,6.78141651,6.801700177,6.76663813,6.783054926,6.826862222
6.570190794,6.632830612,6.653630774,6.614189915,6.632518109,6.680211501
6.455830569,6.518460675,6.54007464,6.495922359,6.516612948,6.568354014
6.380994899,6.447553621,6.470198287,6.421449451,6.444733023,6.500295425
6.351617306,6.425777392,6.449571282,6.396779454,6.422649473,6.481431202
6.370010272,6.454926721,6.479886285,6.423986702,6.452204472,6.513287089
6.43470145,6.532804267,6.558852124,6.501060618,6.531182133,6.593430936
6.540394712,6.653252418,6.680235943,6.621922584,6.653339549,6.715528825
6.678161598,6.806413976,6.834128708,6.776682351,6.808674683,6.869617799
6.835897825,6.979274668,7.007488965,6.952193363,6.98398501,7.042649582
6.999146924,7.156547899,7.185024836,7.132954546,7.163772216,7.219368558
7.152311122,7.3219458,7.350461491,7.302402527,7.331535094,7.383572805
7.280085346,7.459676665,7.488037746,7.444430625,7.471287296,7.51960553
7.369171985,7.556185637,7.584243127,7.545150227,7.569316881,7.614085422
7.409847454,7.601740597,7.629403218,7.594499732,7.615783863,7.657484261
7.397187615,7.591670055,7.618915462,7.587509905,7.605967001,7.645352869
7.331747377,7.526993607,7.553874208,7.524957792,7.540894662,7.578933377
7.219482661,7.414287151,7.440929635,7.413256573,7.42720624,7.465003802
7.070965384,7.264801652,7.291397513,7.263591498,7.276262385,7.314975308
6.900097337,7.093066233,7.119850665,7.090528159,7.102734571,7.14347188
6.722446247,6.915147233,6.9423717,6.910269919,6.922853412,6.966578189
6.553727272,6.747028911,6.774925083,6.739024899,6.752775338,6.800208807
6.408365057,6.603175666,6.631921153,6.59154931,6.607135163,6.658676772
6.298483387,6.495520324,6.525208266,6.480110044,6.498022279,6.553692783
6.233137043,6.432756583,6.463376724,6.413747587,6.43426161,6.49368272
6.217800233,6.419915976,6.4513518,6.397819481,6.420977919,6.483397856
6.254048976,6.458115806,6.490156427,6.433715223,6.459331368,6.523697155
6.339385225,6.544458961,6.576824198,6.518729154,6.546409585,6.611478941
6.467293103,6.672106529,6.704477821,6.646114697,6.675298001,6.739772219
6.627546788,6.830581167,6.862632292,6.805382587,6.83538955,6.898045582
6.806837122,7.006371768,7.037793682,6.982913892,7.013002993,7.072805426
6.989751838,7.183892896,7.214411212,7.162932845,7.192360215,7.248543249
7.160048335,7.346781387,7.376168997,7.328822834,7.356904145,7.409021863
7.302240058,7.479497745,7.507582834,7.464747029,7.490918833,7.538865546
7.403219137,7.569005723,7.595680084,7.557350666,7.581227368,7.625234168
7.453779492,7.606340694,7.631567773,7.597355516,7.618773478,7.659382855
7.449758334,7.587768741,7.611590247,7.580744252,7.599787473,7.63780911
7.392505971,7.51526678,7.537807772,7.509271376,7.526269432,7.56271849
7.288670311,7.396270792,7.417739243,7.390235523,7.405733179,7.441753295
7.149299588,7.242697311,7.263374692,7.235515996,7.250217852,7.286991555
6.988390486,7.069431339,7.089656085,7.060068362,7.074765351,7.113418433
6.821272347,6.892618888,6.912761504,6.880213557,6.895700531,6.937204906
6.663084555,6.728051513,6.748481967,6.712003664,6.729001127,6.774083356
6.527458879,6.589803265,6.610858434,6.56983999,6.58892435,6.637989518
6.425598773,6.489274552,6.511226848,6.465485024,6.487036056,6.540115864
6.365662313,6.434545187,6.457579201,6.407381013,6.431549701,6.488286835
6.352379449,6.429992264,6.454191975,6.400228869,6.426928333,6.486605034
6.386796528,6.476067266,6.501415688,6.444730673,6.473649054,6.535260952
6.466141435,6.569220917,6.595612621,6.537489311,6.568121344,6.630488142
6.583864625,6.70200531,6.729267173,6.671096336,6.702790132,6.764685276
6.729895406,6.863418386,6.891333849,6.834481724,6.866491895,6.926769173
6.891221493,7.039559454,7.067892421,7.013582348,7.045127314,7.102827957
7.052850247,7.214646337,7.243162185,7.192378628,7.222699512,7.277130292
7.199081888,7.372363967,7.400848004,7.354265376,7.38268477,7.433465673
7.315129009,7.497505201,7.525777042,7.483710336,7.509692377,7.556774328
7.388731606,7.5776363,7.605565199,7.567945705,7.591146722,7.634808049
7.411678238,7.604625034,7.632141938,7.598517189,7.618826605,7.659646154
7.380849398,7.57568663,7.602794179,7.572357639,7.58991739,7.628728669
7.298671311,7.493774649,7.520550952,7.492203559,7.507400876,7.545227244
7.172781597,7.367173466,7.393768896,7.366207347,7.379641628,7.417616894
7.01504739,7.208426394,7.235049983,7.206881533,7.219305196,7.258580923
6.840113738,7.03277323,7.059669612,7.029537989,7.04178286,7.083429756
6.66377828,6.856433003,6.88385098,6.850562921,6.863461453,6.908370868
6.501443065,6.695010076,6.723167414,6.685810634,6.700118615,6.748911342
6.36686681,6.562216555,6.591265134,6.549301789,6.565632949,6.618584962
6.271204648,6.468948616,6.498948159,6.452274057,6.471050009,6.528047501
6.222351886,6.422703006,6.453607138,6.402567855,6.423986404,6.484519589
6.224475269,6.427196031,6.458854869,6.404211864,6.428236474,6.491441665
6.277799865,6.482204187,6.514380156,6.45722976,6.48360009,6.548346122
6.378445715,6.58347528,6.615871857,6.557528534,6.585789254,6.65079945
6.518591911,6.722889412,6.755182363,6.697044638,6.726588898,6.790576143
6.686890488,6.888862046,6.920728284,6.864147877,6.894269043,6.956062436
6.869181232,7.067048942,7.098189925,7.044357333,7.074306166,7.132954074
7.04962085,7.241443654,7.27159986,7.221451866,7.250497884,7.305338683
7.212037525,7.395775539,7.424737762,7.37889117,7.406383708,7.45708543
7.341570668,7.515160321,7.542777143,7.501482773,7.526912807,7.573485206
7.426271549,7.587779552,7.613966212,7.577088859,7.600141652,7.642925039
7.458543845,7.606337379,7.631083049,7.598106983,7.618701013,7.658334159
7.436066615,7.569010993,7.592385306,7.562448723,7.580752402,7.618122238
7.36204738,7.479696668,7.501853046,7.473814252,7.490234393,7.526408753
7.244763529,7.347489099,7.368661351,7.341192394,7.356335425,7.392481497
7.096414611,7.185482668,7.20597429,7.177677731,7.192286187,7.229578539
6.931651199,7.009192624,7.029355882,6.998891762,7.013767167,7.053290199
6.765901007,6.834815866,6.855024451,6.821237191,6.837157945,6.879810179
6.61391264,6.677690682,6.698307007,6.660339122,6.67798378,6.724390522
6.488581275,6.551076897,6.572419221,6.529800092,6.549683263,6.600127397
6.400139639,6.465310521,6.487623696,6.440321905,6.462748658,6.51713001
6.355636712,6.4272587,6.450693472,6.399124961,6.42416593,6.481999341
6.358562222,6.439979781,6.464584979,6.409570252,6.437060412,6.497520747
6.408683736,6.502576715,6.528303357,6.470981071,6.500538605,6.56254795
6.501948043,6.610161789,6.636878463,6.578583272,6.609648168,6.671995555
6.630563729,6.754030378,6.781546192,6.723674938,6.755557583,6.817029903
6.783372681,6.922105369,6.950194514,6.894077253,6.926013653,6.985517422
6.946565363,7.099718102,7.128142971,7.074931915,7.106141409,7.162800481
7.104754947,7.270739256,7.299269817,7.249851313,7.2795963,7.332819269
7.242369075,7.419042865,7.447474276,7.402405139,7.430049789,7.479567817
7.345271849,7.530161513,7.558329179,7.517796348,7.542863909,7.588741066
7.402438045,7.592973558,7.620766301,7.584569841,7.606791718,7.649411949
7.407286251,7.601068552,7.628440343,7.59600309,7.615353261,7.655387595
7.35855574,7.553593481,7.580572762,7.550981108,7.567686322,7.606040725
7.260520858,7.455394026,7.482084014,7.454157808,7.468682644,7.506427525
7.122380376,7.316344468,7.34291738,7.315309686,7.328312639,7.366598504
6.957106771,7.15008369,7.176764282,7.148080668,7.160349334,7.200311803
6.779934641,6.972379621,6.999417565,6.968342101,6.980718109,7.023378152
6.606679737,6.79940872,6.827046614,6.792469169,6.805766972,6.85193396
6.452316824,6.646259221,6.674696296,6.635822277,6.650756224,6.700941368
6.329814681,6.525775879,6.555135579,6.511569028,6.528692654,6.583043515
6.24928427,6.44775883,6.478065874,6.429855557,6.44951716,6.507784252
6.217400063,6.418455975,6.44962809,6.397266527,6.419584764,6.481131641
6.237025108,6.440269872,6.47212499,6.416498051,6.441358518,6.505219027
6.306988702,6.511605253,6.543882723,6.486174791,6.513247081,6.57822622
6.422047316,6.626873784,6.659264539,6.600834023,6.629605861,6.694408394
6.573132436,6.776727097,6.808904555,6.751148039,6.780972644,6.844337686
6.747841376,6.948547069,6.980194539,6.924420966,6.954570564,7.015391557
6.931310922,7.127290928,7.158121529,7.105444548,7.135169299,7.192586349
7.107406025,7.296683709,7.32645414,7.277709119,7.306298241,7.359758426
7.260225598,7.44073813,7.469257884,7.424941379,7.451785637,7.501072556
7.375712055,7.545424173,7.572563536,7.532797023,7.557447523,7.602685099
7.443256271,7.60031044,7.626008457,7.590525893,7.612743582,7.654377456
7.456971262,7.599878509,7.624150873,7.592314039,7.612101417,7.650860813
7.416407248,7.544248948,7.567193674,7.538037002,7.555645968,7.59248744
7.326580842,7.439170857,7.460969074,7.43327579,7.44918675,7.485221528
7.197243035,7.29525595,7.31616701,7.288571921,7.303445167,7.339853565
7.041611629,7.126609831,7.146956224,7.118066819,7.13267411,7.170611096
6.874782972,6.949167104,6.969311496,6.937836627,6.952980725,6.99347806
6.712092011,6.778986794,6.799303047,6.764176522,6.780609969,6.824482871
6.567790697,6.630830944,6.651669691,6.61215669,6.630509005,6.678273242
6.453938415,6.517042784,6.538700318,6.494474895,6.51519404,6.567005712
6.379747157,6.446835876,6.469526372,6.420709645,6.444023463,6.499649973
6.351083982,6.425815142,6.449655055,6.39680756,6.42270568,6.481539397
6.370206988,6.455715759,6.480719281,6.424781055,6.453021916,6.514140189
6.435591145,6.534281651,6.560369364,6.502559407,6.532696516,6.594962075
6.54187862,6.655297229,6.682314917,6.624004301,6.655427791,6.717614459
6.680098106,6.808857844,6.836599744,6.779176874,6.811165372,6.872087688
6.838092295,6.981904063,7.010137952,6.954883933,6.986661237,7.04528981
7.001380531,7.159127856,7.187616459,7.135601982,7.166395419,7.22194447
7.154335949,7.324225083,7.35274534,7.304751428,7.333851252,7.385835723
7.281690557,7.461436501,7.489795456,7.446257561,7.473075139,7.521338795
7.370186447,7.557251413,7.585300811,7.546275203,7.570399647,7.615117103
7.410156264,7.602004546,7.629654243,7.594810976,7.6160529,7.657710002
7.396758876,7.591104797,7.618333528,7.586975165,7.605394409,7.644748578
7.330628842,7.525658621,7.552520001,7.523633309,7.539540434,7.577561697
7.21778825,7.412314423,7.43893678,7.411273422,7.42520421,7.463000256
7.068885006,7.262389585,7.288965241,7.261148078,7.273812918,7.312540222
6.897844657,7.090444192,7.117209464,7.087855756,7.100069779,7.140836226
6.720257272,6.912559301,6.939765903,6.907615924,6.920220124,6.963985823
6.551806375,6.744697852,6.772577833,6.736617493,6.750399712,6.797881935
6.406920349,6.601310844,6.630040739,6.589602233,6.605228751,6.656821477
6.297648492,6.494266802,6.52393935,6.478774535,6.496733041,6.552451696
6.23300803,6.432217922,6.462822186,6.413132532,6.433695147,6.493156075
6.218424289,6.420139189,6.451557629,6.397977062,6.421182574,6.483628926
6.255401458,6.459084457,6.491105841,6.434633265,6.460291494,6.524666973
6.341387335,6.546101916,6.578445959,6.52033956,6.54805378,6.613114493
6.469806478,6.674288281,6.706636786,6.64828246,6.677489456,6.741937348
6.630387012,6.833123035,6.865150248,6.807929108,6.837947714,6.900561761
6.809784838,7.009053997,7.040451588,6.985617219,7.015705444,7.07545386
6.992560555,7.186472813,7.21696727,7.165546969,7.194961499,7.251083115
7.162481005,7.349019958,7.378384881,7.331104582,7.359162372,7.411216186
7.304070395,7.481170692,7.509235548,7.466468096,7.492607792,7.54049346
7.4042815,7.569949749,7.596607155,7.55834299,7.582181904,7.626135176
7.453983222,7.606463438,7.631677563,7.597521432,7.618899885,7.65946753
7.449080696,7.587053738,7.610867412,7.580063517,7.599069205,7.637064359
7.391019143,7.513790687,7.536330018,7.507817718,7.524783759,7.561223976
7.286520779,7.394185407,7.415658755,7.388158605,7.403632878,7.439662725
7.146672404,7.240201524,7.260891415,7.233014897,7.247703987,7.284505998
6.985514765,7.066762598,7.08700783,7.057382351,7.072077739,7.110775877
6.818390323,6.89001932,6.910190029,6.877587088,6.893083573,6.934646649
6.660410624,6.725740428,6.746206136,6.709661046,6.7266771,6.771827297
6.525187358,6.587973977,6.609070323,6.567979285,6.587088875,6.636225839
6.423888794,6.488075865,6.510073307,6.464259627,6.485839631,6.538988931
6.364622473,6.43407026,6.457151229,6.406888541,6.431086684,6.487885067
6.35207355,6.430280852,6.454526389,6.400511861,6.427238357,6.486962662
6.387226862,6.47709911,6.502490017,6.44577141,6.474711306,6.536353232
6.46724837,6.570910976,6.59734003,6.539203076,6.569849144,6.632226692
6.585534315,6.704215377,6.731507931,6.673344117,6.705042896,6.766929551
6.731957737,6.865959798,6.893898562,6.837073189,6.869078171,6.9293296
6.893466061,7.042206313,7.070555059,7.016288427,7.04781809,7.105479074
7.055041094,7.217155051,7.245679279,7.194951947,7.225248084,7.279629694
7.200998631,7.374498191,7.402983216,7.356464427,7.384851246,7.435578256
7.316571122,7.499058378,7.527324538,7.48532356,7.51126793,7.558296106
7.389535018,7.578450126,7.606367834,7.568810188,7.591971574,7.635584157
7.411748116,7.604614686,7.632116122,7.59854369,7.618815191,7.659595339
7.380182967,7.574853477,7.601942405,7.571544054,7.58907116,7.627855641
7.297351981,7.492207555,7.518963233,7.490635975,7.50580946,7.543623945
7.170947337,7.365029964,7.391604084,7.364042762,7.377464408,7.41544372
7.012895484,7.205917867,7.232520738,7.204332156,7.216755898,7.256051316
6.837862942,7.030135476,7.057012578,7.02684194,7.039100049,7.080780597
6.661657631,6.853904833,6.881305193,6.84796249,6.86088674,6.905840596
6.499667888,6.692814288,6.720955325,6.683533452,6.697877621,6.746720962
6.365613414,6.560534203,6.589567434,6.547534352,6.563909571,6.6169133
6.27060206,6.467918963,6.497903262,6.451161601,6.469985957,6.527030403
6.222471402,6.422404514,6.453292806,6.402194808,6.423662352,6.484232524
6.225341144,6.42766152,6.459303085,6.404616018,6.428686319,6.491913826
6.279366134,6.483395566,6.515552623,6.458376621,6.484786223,6.549537193
6.380614352,6.585297641,6.617673714,6.559325225,6.58761618,6.652613131
6.521215182,6.725198672,6.757469711,6.699347901,6.728910957,6.792867522
6.689764379,6.891461409,6.923305186,6.866760234,6.896887475,6.958635535
6.872080669,7.069711032,7.10082948,7.047048502,7.076990638,7.135582444
7.052299693,7.243925302,7.27405971,7.223975354,7.253002445,7.307781054
7.214265287,7.397840313,7.426782266,7.381005408,7.408468974,7.459107659
7.343137887,7.516602363,7.544201382,7.502977449,7.528370834,7.574884348
7.4270357,7.588455504,7.614627472,7.577815416,7.600827288,7.64356055
7.458430645,7.606176678,7.630911882,7.597990365,7.61854294,7.658138858
7.435096206,7.568034746,7.59140352,7.561505777,7.579771455,7.61711999
7.360310201,7.478000228,7.500157016,7.472137301,7.488526717,7.524698006
7.242403174,7.345232908,7.366413033,7.338941957,7.35406366,7.390225846
7.093658274,7.182896086,7.203403136,7.175083085,7.189681275,7.227007873
6.928723258,7.006509899,7.026696511,6.996189509,7.011065982,7.05063932
6.763044083,6.832276889,6.852516102,6.818670324,6.834602716,6.877317554
6.611337273,6.675509717,6.696163276,6.65812657,6.675791444,6.722268357
6.486476477,6.549433532,6.570818058,6.528125668,6.54803537,6.59855163
6.39864964,6.464335244,6.486693449,6.439320871,6.461777279,6.516226457
6.354850156,6.427025807,6.450506201,6.398875936,6.423946367,6.481837544
6.358520701,6.440510622,6.465159704,6.410098343,6.437614187,6.498117126
6.40937244,6.503829476,6.529595828,6.472245404,6.501822707,6.563856289
6.50327818,6.612030498,6.638781407,6.580478431,6.61155511,6.673907343
6.632394479,6.75635763,6.783901144,6.726042985,6.757927704,6.819386165
6.785526689,6.924692923,6.952802457,6.896717352,6.9286455,6.988119032
6.948833907,7.102336127,7.13077369,7.077610265,7.108801614,7.165417811
7.106901728,7.273144411,7.301680284,7.252320502,7.282038327,7.335210454
7.244172813,7.421004266,7.449433894,7.404429055,7.432040128,7.481503832
7.346543335,7.531484475,7.559643951,7.51917556,7.544205262,7.590029713
7.403032092,7.59352088,7.621300189,7.585162717,7.607345702,7.649919569
7.407130911,7.600778424,7.628133332,7.595744352,7.615058058,7.655056671
7.35767896,7.552502424,7.579462153,7.549903337,7.566578397,7.604910579
7.25902005,7.453612401,7.480281579,7.452369371,7.466873602,7.504611763
7.12041371,7.314050518,7.340602935,7.312989736,7.325983189,7.364278371
6.954890743,7.147500812,7.17416183,7.145452067,7.157724679,7.197711887
6.777688856,6.969747113,6.996767362,6.96564805,6.978040805,7.020738666
6.604643942,6.796968829,6.824590486,6.789954997,6.803281624,6.849495667
6.450687935,6.644221582,6.672643723,6.633702643,6.648675391,6.69891215
6.328751264,6.524306354,6.553651892,6.510015883,6.5271851,6.581586637
6.24889648,6.446976395,6.477269403,6.42899412,6.448704397,6.507015643
6.217754822,6.418430181,6.449587407,6.397171868,6.419537945,6.481116998
6.238120714,6.441003566,6.472842419,6.417177606,6.442081487,6.505958343
6.308758912,6.513040888,6.545300427,6.487573929,6.514682267,6.57965981
6.424377681,6.628898034,6.661269319,6.602840631,6.631638888,6.696421795
6.575854909,6.779176742,6.811333372,6.7535994,6.783438506,6.846767178
6.750743101,6.951212131,6.982838028,6.927105217,6.957256743,7.018027862
6.934154567,7.129931927,7.160740974,7.108119561,7.137833662,7.195191695
7.109953567,7.299060199,7.32880983,7.280130196,7.308697251,7.362094101
7.262241298,7.442617112,7.471117733,7.426871283,7.453683956,7.502908405
7.377018167,7.546623144,7.573745807,7.534047705,7.558660329,7.603841295
7.443734607,7.600710084,7.626394658,7.590973186,7.61315018,7.65473775
7.456569303,7.599436835,7.623700002,7.591911696,7.611659329,7.65038645
7.415169627,7.543012546,7.565953281,7.536827633,7.554401965,7.591228157
7.324620083,7.437265081,7.459065827,7.431383408,7.447267641,7.483305744
7.194745177,7.292871272,7.313791917,7.286186952,7.301043277,7.337473576
7.038793792,7.123974553,7.144338217,7.115418804,7.130020075,7.167996346
6.871875525,6.946520195,6.9666896,6.935166953,6.950316023,6.990867411
6.709341322,6.776568771,6.796916565,6.761728316,6.778176999,6.822114384
6.565390133,6.628839247,6.64971544,6.610132441,6.628507978,6.676342209
6.452071919,6.515644241,6.537342961,6.493045707,6.51379343,6.565674477
6.378531885,6.446139861,6.468873636,6.419990828,6.443334652,6.499023845
6.350594098,6.425875168,6.449758029,6.396855821,6.422782545,6.481666835
6.370464297,6.456531701,6.481575534,6.425599237,6.453864051,6.515016342
6.43654675,6.535786206,6.561909858,6.504081764,6.534235593,6.596516214
6.543435734,6.657370072,6.684417846,6.626110411,6.657541348,6.71972358
6.682099784,6.811324719,6.839090068,6.781690829,6.813676442,6.874576303
6.840341143,6.984548527,7.01279859,6.957586022,6.989350105,7.04794125
7.003650727,7.161712112,7.190209658,7.13825089,7.16902111,7.224521852
7.156405889,7.326509836,7.35503178,7.307102639,7.336170817,7.388100757
7.283335073,7.463196187,7.491550207,7.448080428,7.474860582,7.523068555
7.371227247,7.558311282,7.586350319,7.54739081,7.571474657,7.616140188
7.410485495,7.602259949,7.629894803,7.595109878,7.616311597,7.657924864
7.396338869,7.590527802,7.617738715,7.586426341,7.60480905,7.644131186
7.329501199,7.524305106,7.551147297,7.522290311,7.538167892,7.576171754
7.216088263,7.410327549,7.436929971,7.40927655,7.423188423,7.460983048
7.0667946,7.25997136,7.286527673,7.258699955,7.271358117,7.310099952
6.89557416,7.08782056,7.114568163,7.085184559,7.097404776,7.138200507
6.718037825,6.909972266,6.937163083,6.904966216,6.917589461,6.961396422
6.54986206,6.742378587,6.77024454,6.734224734,6.748037379,6.795568748
6.405436736,6.599453477,6.628170678,6.587665927,6.60333174,6.654976458
6.296782372,6.493028694,6.52268874,6.477456868,6.495460813,6.551228562
6.232858258,6.431699891,6.462290949,6.412540247,6.433150662,6.492652117
6.21901873,6.420379218,6.451783323,6.398153489,6.421405574,6.483879345
6.256724588,6.460071584,6.492076814,6.435571827,6.461271558,6.525657757
6.343357157,6.547756402,6.580082302,6.521962756,6.549710798,6.614764064
6.472287365,6.676482746,6.708811288,6.650464277,6.679694826,6.744117424
6.633198051,6.835673871,6.867679699,6.810484628,6.840515523,6.903088709
6.812706537,7.011742142,7.043117446,6.988325168,7.018413949,7.078109523
6.995344297,7.189052209,7.219524632,7.168158927,7.197562289,7.253623712
7.164889264,7.351250716,7.380594418,7.333376724,7.361412703,7.413403762
7.305891251,7.482841496,7.510886657,7.46818385,7.494293663,7.542119043
7.405347246,7.570891377,7.597531666,7.559328665,7.583132512,7.627032849
7.454202473,7.606585318,7.631785435,7.597681382,7.619023299,7.65954943
7.448429321,7.586341906,7.610146114,7.579380261,7.598351581,7.636320298
7.38956026,7.512317137,7.534852565,7.506360463,7.523297816,7.559729117
7.284389247,7.39209775,7.413574141,7.386074208,7.401527999,7.437567699
7.144071538,7.237707159,7.258407669,7.230510646,7.245189408,7.282019705
6.982673924,7.064096579,7.084360249,7.054694928,7.069390883,7.108134019
6.815541315,6.887422883,6.90761958,6.874960469,6.890468057,6.932089595
6.657786846,6.723443514,6.743941977,6.707329139,6.724365283,6.769582854
6.522982073,6.586167567,6.607302,6.566137616,6.58527394,6.63448166
6.422250703,6.486901518,6.508940656,6.463055408,6.484665302,6.53788263
6.363660054,6.433620975,6.456745164,6.406418859,6.430647081,6.487504983
6.351838566,6.430591596,6.454879755,6.400816415,6.42756928,6.487339267
6.387718189,6.478145343,6.503576008,6.446827316,6.475787379,6.537457519
6.468410626,6.572613498,6.599077648,6.540931828,6.571589556,6.633975887
6.587246041,6.7064322,6.733753894,6.675602853,6.707303306,6.769179538
6.734052341,6.868503013,6.896463985,6.839671265,6.871667494,6.931891304
6.895737834,7.044853998,7.073217503,7.019000782,7.050511035,7.108130398
7.057256652,7.219660992,7.248192897,7.197528115,7.227795308,7.282125958
7.202929385,7.376625762,7.405111677,7.358662899,7.387013037,7.437684552
7.31800709,7.500597385,7.528858492,7.486929838,7.512831901,7.559805013
7.390328632,7.579247848,7.607155117,7.569665681,7.59278285,7.636345517
7.411808949,7.604589134,7.632076021,7.598562449,7.618791177,7.659530773
7.379499768,7.574004743,7.601076669,7.570722828,7.588212315,7.626969294
7.295999987,7.49062433,7.517361638,7.489060449,7.504205112,7.54200734
7.169074247,7.362873396,7.389429138,7.361873503,7.375277553,7.413260872
7.010698459,7.203397642,7.229983007,7.201779317,7.214198443,7.253513745
6.835573435,7.027492644,7.054353492,7.024148226,7.036415407,7.078129805
6.659505205,6.851378694,6.87876433,6.845370886,6.85831712,6.903315572
6.497854442,6.690620878,6.718748689,6.681264436,6.695641951,6.7445364
6.364320144,6.558862041,6.587882646,6.545782232,6.562199063,6.61525468
6.269957631,6.466900829,6.496872534,6.450065031,6.468935994,6.526027687
6.222558296,6.422128651,6.453003373,6.401847552,6.423362941,6.483970082
6.226185679,6.428152041,6.459778166,6.405046611,6.429162603,6.492412349
6.280928186,6.484617403,6.51675666,6.459553964,6.48600345,6.550758996
6.382786695,6.587152302,6.619508295,6.56115337,6.589475442,6.654458396
6.523840446,6.727537471,6.759786736,6.701678444,6.73126207,6.795187425
6.692648846,6.894087756,6.92590843,6.869395529,6.899531511,6.96123377
6.874990274,7.072393321,7.103488192,7.049754758,7.079693406,7.138228813
7.054993071,7.246420175,7.276531193,7.226505474,7.255517619,7.310233939
7.216498665,7.399907815,7.428827575,7.383115486,7.410554139,7.461129761
7.34470575,7.51804019,7.545619532,7.504461147,7.529821856,7.57627675
7.427809132,7.589125637,7.615280804,7.57852894,7.601503981,7.644187458
7.458333861,7.606007059,7.630729295,7.597857425,7.618372639,7.657931671
7.434131072,7.567040313,7.590401472,7.560538125,7.578769553,7.616097479
7.358573337,7.476287097,7.49844272,7.47043884,7.486800265,7.522969067
7.240069414,7.342975603,7.364161256,7.33668547,7.351788309,7.387966522
7.09092269,7.18030398,7.200824305,7.172478926,7.187068922,7.224429663
6.925824158,7.003827805,7.024035413,6.993484985,7.008363929,7.047987068
6.760215809,6.829742974,6.850010739,6.816106762,6.832051643,6.874828404
6.608801419,6.67334016,6.694028637,6.655923457,6.673609598,6.720155774
6.484414534,6.547808013,6.569232238,6.526468042,6.546404698,6.596991575
6.397201981,6.463382103,6.485782965,6.438341776,6.460827831,6.515343011
6.354104292,6.426816826,6.450340605,6.398651404,6.423750945,6.481697793
6.358514773,6.441063093,6.465754031,6.410648664,6.438190045,6.498733596
6.410089098,6.505102824,6.530907433,6.473531895,6.503128301,6.565184191
6.504637773,6.61392245,6.640706277,6.582399434,6.613486415,6.675841312
6.634261638,6.758710068,6.786279982,6.728438799,6.760323858,6.821766251
6.787719522,6.927304004,6.955432732,6.899383376,6.931301489,6.990742773
6.951124728,7.104969039,7.133418548,7.080306458,7.111477522,7.168049056
7.109061425,7.275554736,7.304095413,7.254797871,7.284486419,7.337606144
7.245969781,7.422960428,7.45138839,7.406451846,7.434026341,7.483434794
7.347796207,7.532795897,7.560947673,7.520547518,7.545536329,7.591307479
7.403595116,7.594048586,7.621815453,7.58574023,7.607881509,7.650408946
7.406945388,7.600471444,7.62781033,7.595472129,7.614747077,7.654710047
7.356776125,7.551394556,7.578335752,7.54881175,7.565454666,7.603764841
7.257493014,7.451817474,7.478467193,7.450570425,7.46505236,7.50278425
7.11842983,7.311746295,7.33827934,7.310660168,7.32364394,7.361949251
6.952667023,7.144915595,7.171558084,7.142821933,7.155098185,7.195110642
6.775454856,6.967125555,6.99412864,6.96296415,6.975374281,7.018110325
6.60260968,6.79453793,6.822144238,6.787449457,6.800805503,6.847067056
6.449064208,6.642193884,6.670601983,6.631592966,6.646604967,6.696893654
6.327709135,6.522858679,6.552190324,6.508483856,6.525699413,6.580151508
6.248543692,6.44622319,6.476501827,6.428160383,6.44792039,6.506275236
6.218136592,6.418426822,6.449568801,6.397097619,6.419513091,6.481124022
6.239242775,6.441758512,6.473580241,6.417875368,6.442824759,6.506717632
6.310563036,6.514500358,6.546740774,6.488993555,6.516139994,6.581115436
6.426741243,6.630946283,6.663296508,6.604867993,6.633694391,6.698456847
6.57860692,6.78164539,6.813779554,6.756065934,6.785921629,6.849213352
6.75366585,6.953888238,6.985491056,6.929797029,6.959952388,7.02067325
6.937017442,7.132581371,7.163367248,7.110799014,7.140504543,7.19780327
7.112511824,7.30143746,7.331164597,7.282548005,7.311095084,7.36442844
7.26427472,7.444496739,7.472976255,7.428796883,7.45558051,7.504742406
7.378330805,7.547816622,7.57492079,7.535288719,7.559865552,7.604989892
7.444194352,7.601093694,7.626763731,7.591402076,7.613539531,7.655080947
7.456151015,7.598981059,7.623234248,7.5914936,7.61120227,7.649897335
7.41390911,7.541760414,7.564696855,7.535602701,7.553142139,7.589953159
7.322641843,7.435348242,7.457151294,7.429481599,7.445337881,7.481379053
7.192222856,7.290472959,7.311403493,7.28379047,7.298628596,7.335080766
7.035954624,7.121328477,7.141709857,7.112762422,7.12735628,7.165371756
6.868958443,6.943869968,6.964064789,6.932496478,6.947649035,6.988254202
6.70656821,6.774143354,6.794524071,6.759277237,6.775738727,6.819740512
6.56297684,6.626847397,6.647762622,6.608113177,6.626509131,6.674413148
6.450190953,6.514249145,6.535991122,6.491625886,6.512398962,6.56434917
6.377306374,6.445449923,6.46822894,6.419282961,6.442654172,6.498405881
6.350092623,6.425944324,6.449872291,6.396918462,6.422870937,6.481805578
6.370700048,6.457351009,6.482437599,6.426425417,6.454711955,6.515898497
6.437477308,6.537292803,6.563454921,6.505610535,6.535778997,6.598075057
6.544963618,6.659441463,6.686521875,6.628218846,6.659655627,6.721834009
6.684075994,6.813788598,6.84157943,6.784204246,6.816186127,6.877064218
6.842572567,6.987192777,7.015460725,6.960289664,6.992039898,7.050594238
7.005910503,7.164295244,7.192802857,7.140898688,7.171646003,7.227099104
7.158452845,7.328783983,7.357308712,7.309442852,7.338480034,7.390356435
7.284956268,7.464944491,7.493294607,7.449891539,7.476634886,7.524788127
7.372253282,7.559361823,7.587391052,7.548495873,7.572540073,7.617154507
7.410805483,7.602502781,7.630123058,7.595393954,7.616557044,7.658127433
7.395921445,7.589942378,7.617135093,7.585865059,7.604213767,7.643504809
7.328402392,7.522956253,7.549777694,7.520944976,7.53679706,7.574784211
7.214421456,7.408345479,7.434926635,7.407277785,7.421174667,7.45896861
7.064748543,7.25755614,7.284091328,7.256246786,7.268903084,7.307660331
6.893366369,7.08520572,7.111933062,7.08251198,7.094744376,7.135570164
6.715896405,6.907400484,6.934572528,6.902320989,6.914969546,6.95881839
6.548005784,6.740077248,6.767925777,6.731838113,6.745688031,6.793269104
6.404046304,6.59761327,6.626314096,6.585734475,6.601446757,6.653143988
6.296001757,6.491804698,6.521448895,6.476141997,6.494198028,6.550015394
6.232782695,6.43119279,6.461767641,6.411948496,6.432612921,6.492155465
6.219685871,6.420632221,6.452018949,6.398333563,6.421637628,6.484139137
6.258114602,6.461068821,6.493054924,6.43651177,6.462258058,6.52665516
6.345382484,6.549419929,6.581725081,6.523588014,6.551373811,6.61641971
6.474813839,6.678682611,6.71098901,6.652646214,6.681903205,6.746300438
6.636037073,6.838224521,6.870207356,6.813037121,6.843081745,6.905613894
6.815635148,7.014425185,7.045777291,6.991028232,7.021117101,7.080759406
6.99812508,7.19162581,7.222075307,7.170766537,7.200157321,7.256157854
7.167274672,7.353471855,7.382794123,7.335641716,7.363654013,7.415581804
7.307670083,7.484493452,7.512519405,7.469885561,7.495962328,7.543726982
7.406360036,7.571813038,7.598437112,7.560300469,7.584065318,7.627912266
7.454353496,7.606683215,7.631871117,7.597825072,7.619125737,7.659610122
7.447704538,7.585604523,7.609401492,7.578680068,7.597611885,7.635554049
7.388024261,7.510818515,7.533352843,7.504887839,7.521790835,7.558213203
7.282186505,7.389986841,7.411469049,7.383975921,7.399403791,7.435453343
7.141394716,7.235190151,7.255904037,7.227993141,7.2426562,7.279514852
6.979752059,7.061412235,7.081697323,7.051998885,7.066689848,7.105477985
6.812617708,6.884814682,6.90504049,6.872332013,6.887845014,6.929524972
6.655084371,6.721134133,6.74166852,6.704994331,6.722045172,6.767330169
6.520702569,6.584349092,6.60552465,6.564293417,6.583451067,6.632729509
6.42055059,6.485719167,6.507802902,6.46185085,6.483486469,6.536772132
6.362651696,6.433170384,6.45633999,6.40595388,6.430208866,6.487126389
6.351567367,6.430903678,6.455236145,6.401125351,6.427903076,6.487719104
6.388185218,6.479195668,6.504667358,6.447888282,6.476868276,6.538567081
6.469558131,6.574319661,6.600819361,6.542662593,6.573333254,6.635728932
6.58894747,6.708651346,6.73600219,6.677860674,6.709565039,6.771431545
6.736138834,6.871046072,6.899028982,6.84226467,6.874255178,6.934452239
6.89800725,7.047497885,7.07587569,7.021703331,7.053198229,7.110777177
7.059483419,7.222168038,7.250706343,7.200097934,7.230340807,7.284621431
7.204876317,7.378752628,7.407237687,7.36085197,7.389170766,7.43978767
7.319463384,7.502133235,7.530387322,7.488523167,7.514388926,7.561308095
7.391141062,7.580039993,7.607934896,7.570505881,7.5935848,7.637098797
7.411890371,7.604555683,7.632025951,7.59856309,7.618755319,7.659455735
7.378852036,7.573155314,7.600207464,7.569889853,7.587348219,7.626078667
7.294686931,7.489039602,7.515755828,7.487472759,7.50259492,7.54038591
7.167249205,7.360716809,7.387251047,7.359693117,7.373086116,7.411074342
7.008550968,7.200878669,7.227443462,7.199216571,7.211637704,7.250973843
6.833329704,7.024850425,7.051692486,7.021444609,7.033727255,7.075476621
6.657390294,6.848853615,6.876222384,6.842770595,6.85574483,6.900789021
6.496083048,6.68843276,6.71654541,6.678992593,6.693408386,6.742354698
6.363068616,6.557195203,6.58620174,6.544028168,6.560491125,6.613599482
6.269356984,6.465893245,6.495851017,6.448972865,6.467894162,6.525033547
6.222679115,6.421856449,6.452716732,6.40149953,6.423065557,6.48371002
6.227049797,6.428641841,6.460252208,6.405474308,6.429637488,6.492909753
6.282487583,6.485831114,6.517953279,6.460723124,6.487212975,6.55197361
6.38495646,6.589004679,6.621341677,6.562980058,6.591333099,6.656302585
6.526462326,6.729870128,6.762098805,6.704005084,6.733608177,6.797502607
6.695514552,6.896701297,6.928500676,6.872021852,6.902164602,6.963821396
6.877883685,7.075065764,7.106138867,7.052455553,7.08238825,7.140867448
7.057660229,7.24890033,7.278990255,7.229026603,7.258020562,7.312674842
7.21870069,7.401957476,7.430857672,7.385214538,7.412624398,7.463137291
7.346261368,7.519467462,7.547028844,7.505939842,7.531264396,7.577660628
7.428551145,7.589775901,7.615916548,7.579229477,7.602163617,7.644797487
7.45820577,7.605821784,7.63053352,7.597715797,7.618189525,7.657711865
7.433148038,7.566040057,7.589395504,7.559570923,7.577764161,7.615071301
7.356818992,7.47456453,7.496720566,7.468736601,7.485066536,7.521232747
7.237708353,7.340707254,7.36190035,7.334423726,7.349504333,7.385698736
7.088166614,7.177707317,7.198242541,7.169875409,7.184454154,7.221849058
6.922907736,7.001144716,7.021374982,6.990783381,7.005662627,7.045335774
6.757360404,6.827205976,6.847504212,6.813543977,6.829499415,6.872338508
6.606238604,6.671172825,6.691898097,6.653727014,6.671432062,6.718047606
6.482328837,6.546185186,6.567650937,6.524816999,6.544778677,6.595436315
6.395735704,6.462433721,6.484878717,6.437370658,6.459884788,6.514466033
6.353348976,6.426618304,6.450186622,6.398439703,6.423567135,6.481569524
6.358508878,6.441630695,6.466363984,6.411215323,6.438781542,6.499365314
6.410800413,6.506385547,6.532228708,6.474828344,6.504443592,6.566521519
6.505986623,6.615818058,6.642634971,6.584323647,6.615421376,6.677778979
6.636116835,6.761064129,6.788660392,6.730834836,6.762721283,6.824147777
6.789890257,6.92990953,6.958057366,6.902042188,6.933951522,6.99336082
6.953399834,7.107597132,7.136058108,7.08299511,7.114147668,7.170674928
7.111205427,7.277959046,7.306503838,7.257265817,7.286927193,7.339994952
7.247760637,7.424909854,7.453335095,7.408463377,7.436003891,7.485357577
7.349035327,7.534093245,7.562236454,7.521900849,7.546851502,7.592570153
7.404158688,7.594568424,7.622321683,7.586304934,7.60840729,7.650888855
7.406770136,7.600158497,7.627479817,7.595188544,7.614427678,7.654355388
7.355877103,7.550278831,7.577200183,7.547706815,7.564320787,7.60260966
7.255972436,7.450013302,7.476642142,7.448757681,7.463219915,7.500946001
7.116454878,7.309436144,7.335948646,7.308321139,7.321297162,7.359612839
6.950448963,7.142326139,7.168949233,7.140184567,7.152466179,7.192504228
6.773228845,6.964498011,6.991483117,6.960271926,6.972700801,7.015475266
6.600598224,6.792110224,6.819700218,6.784944726,6.798331475,6.844640538
6.447464525,6.640173205,6.66856632,6.629487669,6.644540368,6.694880956
6.326673152,6.521408394,6.550725928,6.506947407,6.524210517,6.578713528
6.248186229,6.445461953,6.475726561,6.427317515,6.447128274,6.505527418
6.21851854,6.418419769,6.449546888,6.397019204,6.41948455,6.481127773
6.24036006,6.44250942,6.474314899,6.418569903,6.443564616,6.5074739
6.312358033,6.51595159,6.548173886,6.49040653,6.517590486,6.582564168
6.429099194,6.632987641,6.66531789,6.606890436,6.635744067,6.700486425
6.58134855,6.784104434,6.816217409,6.758525877,6.788396561,6.851651571
6.756579045,6.956555813,6.988136909,6.932483623,6.962640953,7.023311818
6.939857984,7.135216953,7.165981464,7.11346917,7.1431636,7.200403333
7.115036418,7.303795756,7.333502609,7.284952247,7.313476451,7.366746794
7.266261158,7.446353891,7.474814926,7.430707035,7.457457722,7.50655751
7.379595414,7.548988372,7.576076773,7.536515568,7.561052334,7.606120402
7.44463072,7.601467152,7.627124486,7.591826408,7.613920975,7.655416358
7.455702659,7.59850808,7.622753194,7.591063838,7.61073036,7.649393682
7.412628991,7.540500012,7.563433733,7.534374835,7.551876128,7.588671989
7.320639816,7.433418932,7.455225741,7.427571073,7.443397276,7.479441894
7.189686712,7.288071926,7.309013185,7.281393636,7.296212124,7.332686392
7.033116794,7.118686396,7.139085604,7.11011052,7.124696539,7.162751317
6.866052754,6.941228538,6.961448463,6.929834066,6.94499039,6.985649405
6.703824108,6.771733788,6.792146421,6.756839099,6.773314889,6.817381041
6.560601363,6.624872654,6.645825239,6.606106464,6.624525243,6.672498894
6.448337671,6.512864612,6.534648072,6.490211449,6.511012818,6.563032271
6.376100577,6.44476647,6.467589144,6.41857707,6.441978316,6.497792687
6.349618752,6.426021366,6.449992354,6.396982792,6.422964636,6.481949843
6.370969989,6.458182639,6.483309479,6.427257867,6.455569355,6.51678988
6.438445418,6.538810903,6.565008786,6.507144405,6.537330939,6.599642131
6.546529597,6.661525026,6.688635083,6.63033268,6.661778798,6.723952932
6.686077331,6.8162591,6.844073022,6.786718716,6.818699749,6.879555811
6.844818859,6.989837487,7.018121124,6.962988516,6.994727696,7.0532451
7.008178092,7.16687706,7.195393096,7.143541854,7.174267841,7.229673071
7.16050549,7.331058433,7.359584463,7.311780821,7.340788193,7.392610611
7.286582847,7.466693133,7.495038128,7.451700911,7.478408176,7.526506356
7.373284469,7.560410687,7.588428893,7.549597066,7.573602432,7.618165484
7.411116208,7.602740808,7.6303459,7.595672434,7.616796972,7.658324249
7.395478918,7.589345732,7.616520332,7.585293124,7.60360731,7.642867236
7.327265179,7.521592263,7.548393807,7.519587194,7.535412154,7.573382655
7.212711588,7.406349489,7.432910366,7.405268155,7.419148205,7.45694145
7.062651266,7.255128704,7.28164437,7.253786188,7.266437786,7.305210372
6.891093502,7.08257658,7.109286177,7.07983254,7.092072852,7.132928701
6.713686737,6.904815677,6.931971736,6.899671319,6.912340238,6.956230862
6.546079341,6.737764287,6.765598483,6.729449726,6.743331181,6.790961726
6.402584328,6.595766662,6.624454784,6.58380798,6.5995601,6.651309521
6.295150737,6.490573768,6.520205775,6.474832512,6.492933412,6.548799913
6.232636267,6.430680026,6.461242285,6.411364165,6.432074869,6.49165787
6.220288878,6.420883457,6.452256327,6.398524894,6.421873138,6.484401541
6.259439219,6.46206247,6.494033177,6.437461862,6.463246513,6.527653691
6.347353296,6.551083308,6.583371058,6.52522607,6.553041814,6.618079392
6.477291302,6.680878829,6.713166101,6.654836286,6.684112635,6.748483699
6.638840491,6.840775822,6.872738047,6.815600438,6.845652482,6.908142723
6.818532234,7.017102456,7.048433599,6.993733489,7.023817704,7.083406408
7.000881468,7.194193005,7.224621667,7.173374695,7.202748791,7.258688225
7.169647017,7.355684322,7.384986742,7.337904131,7.365889036,7.417753283
7.309448007,7.486139371,7.514147186,7.471584922,7.497626333,7.545330118
7.407377893,7.572727595,7.599336018,7.561267425,7.584991799,7.628785253
7.454511893,7.606771567,7.631947434,7.597959933,7.61921881,7.659661477
7.446992293,7.584858924,7.608648511,7.577971454,7.596863738,7.634779362
7.386512686,7.509317181,7.531849648,7.503410524,7.520280105,7.556693547
7.280019017,7.387882036,7.409368804,7.381881491,7.39728436,7.43334349
7.138766925,7.232686698,7.253412397,7.225485822,7.240134675,7.277021327
6.976886355,7.058739976,7.079044488,7.049309966,7.06399849,7.102831549
6.809759787,6.882220002,6.902472498,6.869710953,6.885232636,6.926971017
6.652456569,6.718841904,6.739409462,6.702669987,6.719739093,6.765091482
6.518491672,6.582548703,6.603762594,6.562459552,6.581642844,6.630992165
6.418912179,6.484554767,6.506680351,6.460657541,6.482322531,6.535676427
6.361691638,6.432732384,6.455945276,6.405495927,6.429780848,6.486758141
6.35134571,6.4312294,6.455603974,6.401443157,6.428248343,6.4881103
6.388686318,6.480256419,6.505767251,6.448955761,6.477957786,6.539685187
6.470719206,6.576030267,6.602564523,6.544395707,6.575080509,6.637485599
6.590665341,6.710878148,6.738257161,6.680124292,6.711833488,6.773690125
6.738239482,6.873597939,6.901601922,6.844866041,6.876850932,6.937020803
6.900273672,7.050145268,7.078536943,7.024409575,7.05588862,7.113426659
7.061687251,7.224666626,7.253211562,7.202660487,7.232878213,7.287108615
7.206790997,7.380868898,7.409353755,7.363033207,7.39131922,7.441880974
7.320882078,7.503654482,7.531902071,7.49010475,7.515932279,7.562797141
7.391910593,7.580814361,7.608697517,7.571330952,7.594369894,7.637834935
7.411930602,7.604505991,7.631960456,7.598550138,7.618704217,7.659365235
7.378148536,7.572283135,7.599316831,7.569036974,7.586462734,7.625166844
7.293318976,7.487434706,7.51413115,7.485867913,7.500966008,7.538745924
7.165366845,7.358543061,7.385057687,7.35749959,7.370879497,7.408872932
7.006358646,7.198350994,7.224896874,7.196649396,7.209070208,7.248427193
6.8310603,7.02221076,7.049035009,7.018747215,7.031043134,7.072827095
6.655264241,6.846338395,6.873690971,6.840183774,6.853183712,6.898272982
6.494314622,6.686262531,6.714360227,6.676740847,6.691193411,6.740190919
6.36182786,6.555549208,6.584541631,6.542296769,6.558804568,6.611964985
6.268767868,6.464904456,6.494848425,6.447901319,6.466871742,6.524058335
6.222819162,6.4216085,6.452454361,6.401176678,6.422792654,6.483474101
6.2279393,6.42915783,6.460752268,6.405928079,6.430138306,6.49343281
6.284083605,6.48707141,6.519175656,6.461917533,6.488448231,6.553213517
6.387155647,6.590873867,6.62319122,6.564822199,6.593206901,6.658162711
6.52911209,6.732218949,6.764426438,6.706345872,6.735969503,6.799832894
6.698413319,6.899330676,6.93110787,6.874661336,6.904812221,6.966423401
6.880788214,7.077740065,7.108791053,7.055155797,7.085084063,7.143507312
7.060336391,7.251378999,7.281447252,7.231543105,7.260520862,7.315113418
7.2209199,7.404007465,7.432887062,7.387309598,7.414693222,7.465143562
7.347808749,7.520881292,7.548424712,7.507402372,7.532692755,7.579030902
7.4292914,7.590415338,7.616541052,7.579915593,7.602811267,7.645396026
7.458068131,7.605623347,7.630324222,7.597557711,7.617992277,7.657478457
7.432153013,7.565021735,7.588371401,7.55858265,7.576740021,7.614027128
7.35506034,7.472830279,7.494986655,7.467019918,7.483320496,7.519484773
7.235341679,7.338424401,7.359625143,7.332145218,7.347205565,7.383417013
7.085415658,7.175104781,7.195655104,7.167264202,7.181833326,7.219263147
6.920005978,6.998460899,7.018713912,6.988079687,7.002960465,7.042684163
6.754554764,6.824687027,6.845014815,6.810996339,6.82696407,6.869865535
6.603727775,6.669023709,6.689784844,6.651545615,6.669271487,6.715956546
6.480292444,6.544582507,6.56608905,6.523183194,6.543171664,6.593900371
6.394317995,6.461506615,6.4839951,6.436418553,6.458962056,6.513609496
6.352636748,6.426437497,6.450049731,6.398244043,6.423400322,6.48145834
6.35853711,6.442210122,6.46698551,6.411793471,6.43938472,6.500008763
6.411550566,6.507684391,6.533565748,6.476140809,6.505774748,6.567874477
6.507374118,6.61773022,6.644579716,6.586264278,6.617372445,6.679732312
6.638003171,6.763428589,6.791050604,6.733241292,6.765128687,6.826538748
6.792088633,6.932522485,6.960688743,6.904708317,6.936608485,6.995985265
6.955690705,7.110223798,7.138695695,7.085682792,7.116816171,7.173298566
7.113359915,7.280358478,7.308906781,7.259729655,7.289362969,7.342378025
7.24955059,7.426848888,7.455270905,7.410465385,7.437971106,7.487269268
7.350264624,7.535378736,7.563512955,7.523243583,7.548155079,7.593820426
7.404697716,7.595070491,7.622809819,7.586853557,7.608915867,7.651350901
7.406564186,7.599827736,7.627131415,7.59488922,7.614091251,7.653983127
7.354949192,7.549148886,7.576050363,7.546590189,7.563173588,7.601440467
7.25442345,7.448199026,7.474807254,7.446936937,7.461378198,7.499098069
7.114453598,7.30712021,7.333612223,7.305978347,7.318945391,7.357271077
6.948207122,7.139734042,7.16633772,7.137546213,7.149832172,7.189895543
6.770969519,6.961870704,6.988838345,6.957582689,6.970028678,7.012841404
6.598550998,6.789681079,6.817255387,6.782441196,6.79585719,6.842213826
6.445828883,6.638152364,6.666531198,6.627385215,6.642476953,6.692869528
6.325617413,6.51996543,6.549269395,6.505421663,6.522730281,6.577283998
6.24782669,6.444716489,6.474967132,6.426493179,6.446352774,6.504795612
6.218907589,6.418431303,6.449543115,6.396960802,6.419474829,6.481149698
6.241490532,6.443277491,6.475066091,6.419282146,6.444321466,6.508246583
6.314163615,6.517419559,6.549623231,6.491836145,6.519057359,6.584028965
6.431456602,6.635037531,6.667347703,6.608921503,6.637802268,6.702524425
6.584092736,6.786570771,6.818662325,6.760992022,6.79087837,6.854096754
6.759502327,6.959228764,6.990787482,6.93517317,6.965333884,7.025954795
6.942714611,7.137856374,7.168598543,7.116139206,7.145824919,7.203005876
7.11758917,7.306160389,7.335845694,7.287357691,7.315861966,7.369069525
7.268283848,7.4482156,7.476656696,7.43261497,7.459336734,7.508374844
7.380902599,7.550161757,7.577232494,7.53773542,7.562237303,7.607249733
7.445094366,7.601830943,7.627474431,7.592233111,7.614289889,7.65574035
7.455294231,7.598035177,7.62227079,7.590625894,7.610255332,7.64888774
7.41138258,7.539231882,7.562161768,7.533130228,7.550599143,7.587381161
7.318678101,7.431487843,7.453297429,7.425650402,7.441451888,7.477501233
7.187199475,7.285672148,7.306623279,7.278990484,7.293794157,7.330291629
7.030304291,7.116038162,7.136455209,7.107446851,7.122028916,7.160124354
6.863159181,6.938579242,6.95882483,6.92715962,6.94232282,6.983037107
6.701086962,6.769318145,6.789763388,6.754391785,6.770884324,6.81501618
6.558221159,6.622891229,6.643882376,6.604092037,6.622534881,6.670579406
6.446483972,6.511479411,6.533305713,6.488796913,6.509626678,6.561716168
6.374896246,6.444085847,6.466953374,6.417874768,6.441305935,6.497183567
6.349128247,6.42609517,6.450110978,6.397047374,6.423056903,6.482093098
6.371218527,6.459010029,6.48417922,6.428090755,6.456424803,6.517679685
6.439392565,6.540325983,6.56656147,6.50868007,6.538882049,6.601208488
6.548082808,6.663607641,6.69074898,6.632450538,6.663903148,6.726072906
6.68807556,6.818731112,6.846569074,6.789238742,6.821216436,6.882050084
6.847060689,6.992482294,7.020782448,6.965691748,6.99741712,7.055897073
7.01043459,7.169453082,7.197978104,7.146182534,7.176885112,7.232242162
7.162543199,7.333325027,7.361852952,7.314114427,7.343089777,7.394857837
7.288184039,7.468427312,7.496767682,7.453499241,7.480168305,7.52821121
7.374273162,7.56143837,7.589446495,7.550681638,7.574645484,7.619157038
7.411390114,7.602959185,7.630549575,7.595935381,7.617018826,7.658502702
7.395015023,7.588738041,7.615894233,7.584713124,7.602990627,7.642218735
7.326105516,7.520212521,7.546993728,7.518215461,7.534011948,7.571965365
7.210991416,7.404345597,7.430885121,7.403250875,7.417113596,7.454905716
7.060545676,7.252692017,7.279186828,7.251315625,7.263962662,7.302750274
6.888836871,7.079948338,7.106637938,7.077150718,7.089400474,7.130285972
6.711501442,6.902233843,6.929371457,6.897019858,6.909711635,6.953643841
6.544176483,6.735454556,6.763272,6.727059716,6.740975344,6.788655274
6.401160578,6.593929786,6.622601876,6.581884585,6.597680091,6.649481383
6.294356238,6.489364243,6.518980374,6.47353583,6.491686235,6.547601543
6.23256113,6.430192192,6.460738097,6.410794991,6.43155732,6.491180542
6.220952988,6.421154107,6.452509825,6.398726066,6.422123979,6.484679412
6.26082367,6.463075651,6.495027885,6.438421278,6.464250321,6.52866801
6.349384533,6.552767008,6.585034548,6.526874311,6.554725978,6.619755698
6.479823728,6.683095844,6.715361654,6.657037389,6.68633893,6.750684422
6.641680962,6.843340151,6.875280367,6.818168596,6.84823318,6.910682352
6.821464806,7.019794737,7.051103657,6.996446796,7.026530569,7.086066228
7.003663117,7.196768315,7.227175369,7.175985144,7.205346153,7.261225153
7.172041861,7.357902528,7.387184391,7.340166872,7.368127678,7.419929012
7.311239084,7.487784878,7.515774161,7.473279878,7.4992884,7.546931898
7.408391159,7.573632123,7.600225148,7.562221382,7.585907321,7.629648149
7.454658172,7.606845752,7.632010358,7.598079304,7.619297523,7.659699418
7.446263021,7.584098254,7.607881553,7.577247378,7.59610073,7.633990815
7.384979616,7.507799666,7.530331777,7.501918337,7.518754045,7.555159389
7.277813839,7.385753798,7.407247421,7.379765321,7.395142806,7.431212865
7.136093221,7.23015906,7.250899353,7.22295741,7.23759091,7.274506957
6.973983004,7.056054208,7.076381043,7.04661182,7.061295834,7.100174781
6.806851722,6.879612586,6.899895228,6.867082514,6.882610241,6.92440805
6.649772776,6.716539186,6.737143764,6.700341496,6.717425701,6.76284651
6.51623078,6.580740464,6.601996885,6.560625944,6.579830633,6.629251688
6.417229655,6.483387034,6.505558513,6.459468522,6.481158866,6.534581803
6.360694643,6.432295785,6.455555602,6.405046289,6.429357442,6.486395088
6.351093082,6.431560101,6.455980058,6.401772078,6.428601418,6.488509843
6.389174468,6.481327734,6.50688029,6.450039226,6.479060205,6.540816303
6.471881897,6.57775374,6.604324316,6.546145981,6.576842342,6.639256708
6.592377595,6.713112248,6.740520854,6.682399177,6.714110863,6.775957477
6.740333456,6.876152492,6.904178638,6.84747297,6.879450666,6.939593319
6.902551107,7.052801304,7.081206851,7.02712557,7.058587896,7.116084693
7.063907015,7.227174943,7.255725951,7.20523288,7.235425009,7.289604713
7.208724964,7.382992296,7.411475693,7.365219643,7.393473165,7.443979672
7.322318742,7.505180615,7.533420274,7.491688706,7.517479216,7.564289201
7.392693087,7.581589931,7.609459794,7.572154914,7.595154892,7.638570424
7.41197829,7.604452992,7.631889811,7.5985311,7.618648227,7.659269312
7.377464806,7.571411049,7.598424058,7.568181207,7.585575504,7.624252574
7.291983476,7.485835506,7.512509566,7.484264281,7.499340243,7.537108385
7.163522972,7.356374733,7.38286645,7.355305023,7.368674959,7.406673018
7.004201282,7.195826558,7.222350555,7.194078945,7.20650286,7.245880522
6.828815154,7.019570388,7.046374429,7.016043683,7.028355895,7.070174481
6.653161246,6.843823469,6.871157811,6.837592049,6.850620813,6.895755458
6.492561761,6.684094299,6.712175511,6.6744876,6.688979135,6.738027945
6.360602394,6.553909668,6.582886736,6.540569693,6.557123737,6.610335932
6.268198374,6.463929533,6.493858453,6.446841944,6.465862676,6.523095877
6.22298494,6.421378648,6.452208757,6.400871097,6.422537632,6.483255044
6.228844343,6.429689003,6.461266819,6.406397831,6.430654888,6.493970514
6.285694162,6.488330738,6.520416737,6.463133153,6.48970358,6.554472203
6.389359672,6.592757169,6.625054966,6.566681972,6.595096456,6.660037218
6.531753943,6.734575684,6.766762611,6.708699604,6.738341059,6.802172176
6.701302207,6.901966792,6.933722706,6.877312862,6.907468905,6.969033341
6.883691615,7.0804226,7.111452119,7.057869586,7.087790103,7.146156094
7.063001697,7.253858884,7.283906618,7.23406662,7.263024528,7.317554286
7.223114201,7.406048731,7.434909399,7.389402344,7.416755813,7.46714292
7.349334943,7.522285171,7.549811949,7.508860441,7.534113132,7.580392605
7.430009773,7.591043092,7.617155348,7.580595248,7.603449054,7.64598429
7.457909323,7.605409494,7.630101259,7.597389454,7.617781533,7.657231421
7.431128498,7.563987653,7.587333719,7.557584457,7.575702408,7.612969599
7.353266995,7.471080397,7.49323954,7.46529333,7.481561203,7.517723869
7.232959508,7.33614422,7.357354403,7.32987381,7.344911109,7.381139532
7.082645756,7.17250532,7.193072755,7.164660458,7.179217383,7.216682121
6.917087492,6.995787695,7.016065426,6.985390846,7.000270811,7.040045009
6.751717883,6.822174416,6.842534138,6.808460045,6.824437589,6.867401472
6.601191831,6.66688841,6.687687542,6.649382594,6.667127158,6.71388158
6.478240434,6.542999878,6.564548909,6.521573933,6.54158706,6.592386125
6.392890484,6.46060403,6.483137267,6.435494386,6.458065836,6.512778581
6.351916316,6.426284827,6.449942085,6.398079466,6.423263452,6.481376106
6.358554582,6.442817631,6.467636071,6.412401734,6.440017456,6.500680834
6.412285797,6.509006642,6.534926823,6.477478383,6.50713066,6.569251193
6.50874031,6.61965896,6.646541539,6.588223208,6.619341506,6.681702651
6.639863882,6.765805363,6.793453544,6.73566193,6.767549735,6.828942359
6.794269418,6.935147742,6.963332431,6.907388154,6.93927852,6.998621636
6.957969887,7.112859322,7.141341806,7.088379869,7.119493737,7.175930244
7.115490845,7.282757147,7.311308851,7.262193275,7.291798178,7.34475983
7.251313105,7.428777943,7.457196427,7.412457774,7.439927837,7.489170409
7.351481754,7.536655358,7.564779694,7.524576201,7.549448763,7.595060535
7.405225173,7.595559992,7.623284614,7.587387391,7.609410535,7.651799165
7.406350561,7.5994834,7.626768622,7.59457393,7.613739901,7.653596257
7.354018631,7.548009307,7.574889918,7.54546139,7.562015304,7.600260376
7.252879721,7.446378545,7.472964852,7.445106365,7.459528469,7.497242358
7.11246795,7.30480399,7.331274103,7.303631148,7.31659141,7.354927295
6.945986005,7.137143907,7.163726938,7.134906073,7.147198525,7.187287407
6.768750335,6.959251205,6.986199659,6.954896357,6.967362372,7.010213456
6.596551157,6.787267726,6.814824698,6.779948741,6.793396823,6.839800941
6.444248683,6.63615267,6.664515575,6.625299761,6.640433034,6.690877217
6.324610414,6.518543199,6.547832236,6.503912623,6.521269354,6.575873494
6.247499891,6.443986257,6.474222223,6.425681239,6.445591783,6.504078215
6.21932211,6.418457279,6.44955384,6.396915857,6.41947969,6.481186097
6.242643145,6.444061354,6.475833309,6.420010356,6.445094633,6.509035178
6.315988381,6.518900705,6.55108623,6.493279841,6.520538145,6.585507185
6.433832182,6.637098972,6.669389548,6.610965378,6.639872748,6.704574196
6.586842953,6.78904253,6.821113668,6.763465916,6.793366766,6.856548218
6.762417945,6.961901516,6.99343947,6.937866042,6.968028272,7.028599183
6.945556815,7.140491284,7.171213117,7.118809367,7.148483724,7.205605941
7.120114784,7.308512586,7.338178531,7.2897561,7.31823736,7.371382222
7.270267953,7.450059089,7.478482542,7.434510967,7.461200139,7.510176728
7.382169874,7.551318544,7.578374074,7.538946127,7.563408594,7.608365365
7.445527874,7.602186309,7.627817733,7.592638628,7.614652881,7.656057923
7.454840491,7.597542311,7.621770579,7.590175246,7.609763179,7.648364708
7.410090216,7.537946602,7.560874562,7.5318757,7.549307829,7.586075959
7.316674431,7.42954314,7.451357021,7.423722716,7.439495369,7.475549191
7.184659238,7.283254404,7.304217101,7.276575802,7.2913609,7.327881631
7.027452962,7.113380588,7.133816893,7.104779744,7.119354393,7.157490419
6.860236021,6.935925416,6.956197753,6.924486493,6.939653093,6.980422335
6.698319075,6.766899871,6.787378905,6.751948199,6.768453726,6.812650808
6.555813759,6.620909424,6.641940122,6.602083334,6.620546638,6.668661413
6.444623791,6.510103661,6.531972777,6.487396139,6.50825153,6.560410006
6.373698585,6.443419228,6.466331105,6.417189977,6.440648665,6.496588245
6.348660938,6.426188706,6.450248032,6.397133343,6.423169079,6.482254738
6.371495269,6.459856169,6.485065885,6.428942155,6.457298451,6.518586283
6.440365353,6.541859159,6.568130524,6.510233659,6.540450703,6.602791072
6.549645012,6.665701081,6.692872343,6.634579218,6.666037971,6.728202335
6.690079904,6.821210625,6.849071374,6.791766284,6.823740213,6.884550507
6.849304352,6.995132068,7.023447506,6.968399291,7.000110867,7.058552673
7.012697703,7.172034874,7.200567494,7.148827849,7.179507169,7.234815297
7.164587322,7.335591673,7.364120076,7.316445811,7.345390065,7.397103458
7.289790573,7.470157819,7.498492394,7.455291575,7.481923464,7.529910991
7.375270886,7.562461446,7.590458284,7.551758789,7.57568242,7.620142464
7.411679565,7.603175857,7.630750184,7.596193241,7.61723718,7.658677648
7.39456245,7.588123314,7.615260152,7.584122806,7.602365354,7.641561988
7.324960822,7.518831071,7.545591045,7.516839582,7.532608704,7.570545103
7.209281402,7.402338203,7.428856153,7.401228525,7.415074646,7.45286586
7.05845771,7.250258032,7.276731673,7.248845422,7.261489099,7.300291984
6.886587603,7.077318465,7.103988294,7.074465814,7.086725886,7.127641472
6.709323061,6.899653417,6.926773029,6.894369168,6.907084214,6.951058343
6.54228501,6.733150132,6.760951439,6.724673971,6.738624532,6.786354313
6.399738136,6.592093448,6.620751084,6.579962013,6.595801145,6.647655145
6.293549766,6.488149701,6.51775203,6.472236121,6.490435382,6.546400354
6.232465294,6.42970018,6.460231977,6.41022399,6.431037132,6.490701423
6.221609792,6.421425503,6.45276582,6.398929495,6.422376606,6.484959685
6.262209899,6.46409525,6.496030168,6.439388286,6.46526115,6.529689527
6.351409639,6.554451444,6.586700114,6.528524882,6.556411798,6.621434042
6.482352669,6.685312357,6.717557682,6.659239314,6.688565407,6.752885617
6.644524606,6.845902978,6.877821633,6.820735315,6.850812523,6.913220978
6.824404456,7.022483755,7.053770361,6.999155785,7.029239749,7.088722726
7.00644441,7.199337589,7.229722765,7.178587642,7.207936732,7.26375578
7.174430007,7.360113116,7.389374277,7.342419895,7.370357953,7.422097035
7.313016082,7.489419091,7.517389712,7.474960952,7.50093828,7.548522341
7.409404337,7.574533287,7.60111039,7.563168761,7.586818133,7.630507001
7.454807268,7.606919026,7.632071515,7.598193612,7.619373519,7.65973525
7.445537683,7.583336083,7.607111914,7.576516961,7.595334121,7.633199233
7.383438573,7.506273521,7.528804311,7.500411856,7.517217219,7.553615522
7.275617046,7.3836251,7.405124024,7.37764288,7.392998412,7.429080069
7.13344162,7.227634631,7.248387251,7.220425614,7.235047549,7.271993419
6.971094755,7.053368156,7.073715226,7.043906955,7.058590334,7.097515766
6.803973858,6.877012401,6.897322575,6.864454988,6.879992364,6.921849767
6.647131574,6.714248334,6.734886868,6.69801882,6.715121355,6.760610246
6.514015721,6.578946166,6.600241931,6.558799739,6.578029354,6.627521782
6.415598286,6.482234702,6.50444866,6.458288753,6.48000765,6.53349899
6.359746295,6.431873093,6.455176475,6.404605531,6.428945352,6.486042451
6.350881896,6.431902199,6.456364628,6.402109473,6.428964129,6.488917836
6.38969378,6.482406805,6.507998557,6.451128488,6.480169039,6.541952781
6.473068058,6.579484351,6.606089055,6.547902433,6.578610296,6.641032833
6.594109522,6.715349377,6.742785974,6.684677292,6.716390799,6.778226445
6.742444027,6.878710004,6.906756859,6.850083989,6.882053101,6.942167464
6.904823105,7.055446763,7.083865805,7.029834315,7.061277555,7.118732434
7.066114394,7.229667724,7.258224977,7.207794194,7.237957774,7.292086252
7.210635596,7.385094523,7.413577407,7.367390917,7.395608199,7.44605911
7.323731059,7.506685085,7.534918097,7.493257342,7.519006901,7.565761792
7.393452581,7.582344026,7.610202172,7.572963675,7.595920823,7.639286739
7.411996561,7.604377327,7.631798567,7.59849665,7.61857251,7.659153719
7.376743082,7.570512042,7.597506598,7.567305601,7.584664353,7.623314619
7.290595694,7.484205348,7.510859767,7.482638128,7.497687237,7.535444
7.161624457,7.354180909,7.38065284,7.353094658,7.366449088,7.404451946
7.001998961,7.193285693,7.219790719,7.191501593,7.203922973,7.243321099
6.826523614,7.016916688,7.043703547,7.013335853,7.025659117,7.067512285
6.651018277,6.841301034,6.868619805,6.835001076,6.848053784,6.89323352
6.490779855,6.681923298,6.709990304,6.672238527,6.686764957,6.735864845
6.359344896,6.552266708,6.581230775,6.538844745,6.555441971,6.60870613
